use FarmManager
GO
INSERT [dbo].[__MigrationHistory] ([MigrationId], [ContextKey], [Model], [ProductVersion]) VALUES (N'201611250512379_InitialCreate', N'ManagingMultijQueryForm.Models.ProductDbContext', 0x1F8B0800000000000400E55ADB6EE336107D2FD07F10F45864ADC48B026D60EF22B593C2E8E6D22859F42DA0A5B1A396A254920A6C14FDB23EF493FA0B1D5D2D91922C2B4E9C6EB140B016398773E7F8C8FFFCF5F7E8E3CAA7C61370E1056C6C9E0C8E4D039813B81E5B8ECD482EDE7D677EFCF0F557A373D75F199FF37DEFE37D28C9C4D87C94323CB52CE13C824FC4C0F71C1E886021074EE05BC40DACE1F1F1F7D6C9890508612296618C6E23263D1F920FF8711230074219117A19B84045F61C57EC04D5B8223E88903830362F09234BD4EE32A2D2FBF5E708F8FA22E0FE2095348D33EA11D4CA06BA300DC2582089449D4FEF05D892076C6987F880D0BB7508B86F41A880CC96D3CDF6AE661D0F63B3AC8D600EE5444206FE8E8027EF333F59AA782F6F9B851FD193E7E871B98EAD4EBC39362744C232E06BD3500F3B9D501E6FDCE6EC410E7164346C3C2A5206332BFE77644C7047C461CC20929CD023E3269A53CFF909D677C16FC0C62CA2B4AC38AA8E6B9507F8E886072170B9BE858562CE6C6A1A5655DE52010AF11AD9D4F01993EF87A67185CA903985224F4A4EB265C0E14760C051DABD215202C730CF5C483CAD69A19C19FFCD4FC3C444DF99E8C5D527604BF93836BFC502BBF056E0E60F3205EE9987D58932924750A360F9D091B5097A6B2AA06A6EE4C867644286F016122153A54F1E9444BFA034D00F9D8270B817A68DA5F1ECE1CB1C6E47F3EEF5A6405D91276F99F8BD19D4346E81267BC4A317A637419E9F0F957D173CF06F03BA097C79F9C10E22EEC4B1099AF7DC11BE04D9B3EA2ABAF4AEBC12CA5BA83E25BABB56E04EC9B1BF2AEC9D9007A9E6C62A682D8172DED6D540DDBA5604B59B76A982332102C74B74D343BED1AB6AF039738D2E4AA67E578CC508C4D5106276A33E63F31BCD9F5BE073F34AF04DD827A65A21D76C0A142418674E3A064E887088AB0715FDE5569F6051018FF397501C900596A9C7A45E811E73BC90D00E1628B23B8E51B18EC569EACA14426071B17588D3F3D5284E535CB8CD6323AB947EED5959776134654DEBEDB1499A62CAEA9E8F6D774EB76C3F7C46B6D8D025135A2F949D72B2254C7B5164EF5999765094912801BC9A99D379BC00ABBAA91DBFEB66E383C8EE1435C162601BA4766F6C9AB6D6E9B424AD6214D9AD41142B5B102A59ACA1545615A492FF6AE14AF75D696BDBBDA806B7E30D5498A458A3254BC72BA784D768BC55B5BE83676A8761DD315B5B60E7265832A321193A77BD6E1E6E714A3E981465B5219BAC946DCA5929AB81961A5D9230C4D1AE4453654F0C3BE5A826EFECDD091B3FC5B01C51C3DB14DA1627E1C04B96A0ACE2D1A8E985C7859C1249E6249E1E27AEAF6DD39A484369E6C7297D428F5D5EADB940FCFF54A8238754D38333AC0B34D48FDB7832E4D79584269A30878412DE32E74F021AF96CFBB8D18C964EFB659CF4898E30B2145BB4CB43F3A076175723D2295E79B1ED315C0D901DA2D528D9E4DE121B53F67123BFB39F503521543893325065A13B9E324E9411B74C1A074BA7F68BA0774AB5C07648AB56E99770FEFFAAB768B7A5BAA538BDB83595DB7194DD54DBDFEC685757BAC534D0354F9E1B5F5BF65A48F007F18681FD3B9D500FEDDD6CC044F31620644A6199C3E393A1F242E8EDBC9CB1847069C73734077F1DE2C55EDECAB13D832C634F843B8F846B74D97E5F701CF875C21B7563A71704B5D0C31ED8B5146FE219ED7BEC0CBF4EAFC6E61F89E4A931FBE5A1227C645C73ACFA53E3D8F8735F99D2CCF71C8CFE7E91ACE91F825EFE7FCDEA7F26C5BCF94EF9DA846F2D29D09FD6EEC5D6B54C62AF41167F79E4708F50BE505215D44B1F4EFAB92F230EC3F5FEA7885D9DBAD9036B9BCED063D39D0718F8B497EE93D3ADC37F01C2B7EE98B7C208AB36B4D2B5CDBDE1D9CCE6ABD2BD3D54AF6F46DBB9E1FD90B9FAD7502CE0D2CF10B185086FB981887F94C8C0A9946EB167C61641DE48148DF22DCAB8730992B858D7675C7A0BE2485C764088E417029F098D70CBB93F0777C6AE231946124D067F4E2B4E8C3B51DBF909635DD579749D0CF1621F26A09A1E9A00D7EC87C8A36EA1F745CD68D60011B7B86C888D6329E36176B92E90AE02D61128735FD199EFC00F2982896B669327E8A3DBBD804FB024CE3A67139A41B607A2EAF6D1D4234B4E7C91616CE4F123E6B0EBAF3EFC0B2866B8358D2B0000, N'6.1.0-30225')
SET IDENTITY_INSERT [dbo].[Category] ON 

INSERT [dbo].[Category] ([CategoryID], [Name]) VALUES (1, N'Food')
INSERT [dbo].[Category] ([CategoryID], [Name]) VALUES (2, N'Electronics')
INSERT [dbo].[Category] ([CategoryID], [Name]) VALUES (3, N'Beverages')

SET IDENTITY_INSERT [dbo].[Category] OFF
SET IDENTITY_INSERT [dbo].[MTDMenu] ON 

INSERT [dbo].[MTDMenu] ([MenuID], [MenuName], [MenuURL], [RoleID]) VALUES (1, N'Add Menu', N'AddMenu.aspx', 1)
INSERT [dbo].[MTDMenu] ([MenuID], [MenuName], [MenuURL], [RoleID]) VALUES (2, N'Add Roles', N'AddRoles.aspx', 1)
INSERT [dbo].[MTDMenu] ([MenuID], [MenuName], [MenuURL], [RoleID]) VALUES (3, N'Add Users', N'CreateUsers.aspx', 1)
INSERT [dbo].[MTDMenu] ([MenuID], [MenuName], [MenuURL], [RoleID]) VALUES (4, N'Register Client', N'.', 1)
INSERT [dbo].[MTDMenu] ([MenuID], [MenuName], [MenuURL], [RoleID]) VALUES (5, N'Manage Login', N'.', 1)
INSERT [dbo].[MTDMenu] ([MenuID], [MenuName], [MenuURL], [RoleID]) VALUES (6, N'Supply Name', N'.', 1)
SET IDENTITY_INSERT [dbo].[MTDMenu] OFF
SET IDENTITY_INSERT [dbo].[MTDMenuSave] ON 

INSERT [dbo].[MTDMenuSave] ([TID], [MenuID], [MenuName], [MRead], [MWrite], [MBoth], [UID], [RID]) VALUES (1, 1, N'Add Menu', 0, 0, 1, 0, 1)
INSERT [dbo].[MTDMenuSave] ([TID], [MenuID], [MenuName], [MRead], [MWrite], [MBoth], [UID], [RID]) VALUES (2, 2, N'Add Roles', 0, 0, 1, 0, 1)
INSERT [dbo].[MTDMenuSave] ([TID], [MenuID], [MenuName], [MRead], [MWrite], [MBoth], [UID], [RID]) VALUES (3, 3, N'Add Users', 0, 0, 1, 0, 1)
INSERT [dbo].[MTDMenuSave] ([TID], [MenuID], [MenuName], [MRead], [MWrite], [MBoth], [UID], [RID]) VALUES (4, 1, N'Add Menu', 1, 1, 1, 1, 1)
INSERT [dbo].[MTDMenuSave] ([TID], [MenuID], [MenuName], [MRead], [MWrite], [MBoth], [UID], [RID]) VALUES (5, 2, N'Add Roles', 1, 1, 1, 1, 1)
INSERT [dbo].[MTDMenuSave] ([TID], [MenuID], [MenuName], [MRead], [MWrite], [MBoth], [UID], [RID]) VALUES (6, 3, N'Add Users', 1, 1, 1, 1, 1)
INSERT [dbo].[MTDMenuSave] ([TID], [MenuID], [MenuName], [MRead], [MWrite], [MBoth], [UID], [RID]) VALUES (7, 1, N'Add Menu', 1, 1, 1, 1, 1)
INSERT [dbo].[MTDMenuSave] ([TID], [MenuID], [MenuName], [MRead], [MWrite], [MBoth], [UID], [RID]) VALUES (8, 2, N'Add Roles', 1, 1, 1, 1, 1)
INSERT [dbo].[MTDMenuSave] ([TID], [MenuID], [MenuName], [MRead], [MWrite], [MBoth], [UID], [RID]) VALUES (9, 3, N'Add Users', 1, 1, 1, 1, 1)
SET IDENTITY_INSERT [dbo].[MTDMenuSave] OFF
SET IDENTITY_INSERT [dbo].[MTDroles] ON 

INSERT [dbo].[MTDroles] ([RolesID], [RolesName], [CreateDate]) VALUES (1, N'Admin', CAST(N'2016-11-22 22:35:47.250' AS DateTime))
INSERT [dbo].[MTDroles] ([RolesID], [RolesName], [CreateDate]) VALUES (2, N'Finance', CAST(N'2016-11-22 22:36:08.453' AS DateTime))
INSERT [dbo].[MTDroles] ([RolesID], [RolesName], [CreateDate]) VALUES (3, N'User', CAST(N'2016-11-22 22:36:28.100' AS DateTime))
SET IDENTITY_INSERT [dbo].[MTDroles] OFF
SET IDENTITY_INSERT [dbo].[MTDSubMenu] ON 

INSERT [dbo].[MTDSubMenu] ([SubmenuID], [SubmenuName], [SubMenuURL], [MenuID], [RoleID], [CreateDate]) VALUES (1, N'CurrentMenu', N'', 1, 1, CAST(N'2016-11-22 22:44:11.167' AS DateTime))
INSERT [dbo].[MTDSubMenu] ([SubmenuID], [SubmenuName], [SubMenuURL], [MenuID], [RoleID], [CreateDate]) VALUES (2, N'CurrentMenu', N'', 1, 1, CAST(N'2016-11-22 22:44:16.680' AS DateTime))
INSERT [dbo].[MTDSubMenu] ([SubmenuID], [SubmenuName], [SubMenuURL], [MenuID], [RoleID], [CreateDate]) VALUES (3, N'CurrentMenu', N'', 1, 1, CAST(N'2016-11-22 22:44:17.980' AS DateTime))
INSERT [dbo].[MTDSubMenu] ([SubmenuID], [SubmenuName], [SubMenuURL], [MenuID], [RoleID], [CreateDate]) VALUES (4, N'CurrentMenu', N'', 1, 1, CAST(N'2016-11-22 22:44:18.923' AS DateTime))
INSERT [dbo].[MTDSubMenu] ([SubmenuID], [SubmenuName], [SubMenuURL], [MenuID], [RoleID], [CreateDate]) VALUES (5, N'CurrentMenu', N'', 2, 1, CAST(N'2016-11-22 22:44:37.883' AS DateTime))
INSERT [dbo].[MTDSubMenu] ([SubmenuID], [SubmenuName], [SubMenuURL], [MenuID], [RoleID], [CreateDate]) VALUES (6, N'CurrentMenu', N'', 2, 1, CAST(N'2016-11-22 22:44:38.950' AS DateTime))
INSERT [dbo].[MTDSubMenu] ([SubmenuID], [SubmenuName], [SubMenuURL], [MenuID], [RoleID], [CreateDate]) VALUES (7, N'CurrentMenu', N'', 2, 1, CAST(N'2016-11-22 22:44:39.920' AS DateTime))
INSERT [dbo].[MTDSubMenu] ([SubmenuID], [SubmenuName], [SubMenuURL], [MenuID], [RoleID], [CreateDate]) VALUES (8, N'CurrentMenu', N'', 2, 1, CAST(N'2016-11-22 22:44:44.870' AS DateTime))
SET IDENTITY_INSERT [dbo].[MTDSubMenu] OFF
SET IDENTITY_INSERT [dbo].[MTDSubMenuSave] ON 

INSERT [dbo].[MTDSubMenuSave] ([SUBTID], [SubMenuID], [SubMenuName], [SubMRead], [SubMWrite], [SubMBoth], [SubUID], [SubRID], [MainMenuID]) VALUES (1, 1, N'CurrentMenu', 0, 0, 1, 0, 1, 1)
INSERT [dbo].[MTDSubMenuSave] ([SUBTID], [SubMenuID], [SubMenuName], [SubMRead], [SubMWrite], [SubMBoth], [SubUID], [SubRID], [MainMenuID]) VALUES (2, 2, N'CurrentMenu', 0, 0, 1, 0, 1, 1)
INSERT [dbo].[MTDSubMenuSave] ([SUBTID], [SubMenuID], [SubMenuName], [SubMRead], [SubMWrite], [SubMBoth], [SubUID], [SubRID], [MainMenuID]) VALUES (3, 3, N'CurrentMenu', 0, 0, 1, 0, 1, 1)
INSERT [dbo].[MTDSubMenuSave] ([SUBTID], [SubMenuID], [SubMenuName], [SubMRead], [SubMWrite], [SubMBoth], [SubUID], [SubRID], [MainMenuID]) VALUES (4, 4, N'CurrentMenu', 0, 0, 1, 0, 1, 1)
INSERT [dbo].[MTDSubMenuSave] ([SUBTID], [SubMenuID], [SubMenuName], [SubMRead], [SubMWrite], [SubMBoth], [SubUID], [SubRID], [MainMenuID]) VALUES (5, 5, N'CurrentMenu', 0, 0, 1, 0, 1, 2)
INSERT [dbo].[MTDSubMenuSave] ([SUBTID], [SubMenuID], [SubMenuName], [SubMRead], [SubMWrite], [SubMBoth], [SubUID], [SubRID], [MainMenuID]) VALUES (6, 6, N'CurrentMenu', 0, 0, 1, 0, 1, 2)
INSERT [dbo].[MTDSubMenuSave] ([SUBTID], [SubMenuID], [SubMenuName], [SubMRead], [SubMWrite], [SubMBoth], [SubUID], [SubRID], [MainMenuID]) VALUES (7, 7, N'CurrentMenu', 0, 0, 1, 0, 1, 2)
INSERT [dbo].[MTDSubMenuSave] ([SUBTID], [SubMenuID], [SubMenuName], [SubMRead], [SubMWrite], [SubMBoth], [SubUID], [SubRID], [MainMenuID]) VALUES (8, 8, N'CurrentMenu', 0, 0, 1, 0, 1, 2)
INSERT [dbo].[MTDSubMenuSave] ([SUBTID], [SubMenuID], [SubMenuName], [SubMRead], [SubMWrite], [SubMBoth], [SubUID], [SubRID], [MainMenuID]) VALUES (9, 1, N'CurrentMenu', 1, 1, 1, 1, 1, 1)
INSERT [dbo].[MTDSubMenuSave] ([SUBTID], [SubMenuID], [SubMenuName], [SubMRead], [SubMWrite], [SubMBoth], [SubUID], [SubRID], [MainMenuID]) VALUES (10, 2, N'CurrentMenu', 1, 1, 1, 1, 1, 1)
INSERT [dbo].[MTDSubMenuSave] ([SUBTID], [SubMenuID], [SubMenuName], [SubMRead], [SubMWrite], [SubMBoth], [SubUID], [SubRID], [MainMenuID]) VALUES (11, 3, N'CurrentMenu', 1, 1, 1, 1, 1, 1)
INSERT [dbo].[MTDSubMenuSave] ([SUBTID], [SubMenuID], [SubMenuName], [SubMRead], [SubMWrite], [SubMBoth], [SubUID], [SubRID], [MainMenuID]) VALUES (12, 4, N'CurrentMenu', 1, 1, 1, 1, 1, 1)
INSERT [dbo].[MTDSubMenuSave] ([SUBTID], [SubMenuID], [SubMenuName], [SubMRead], [SubMWrite], [SubMBoth], [SubUID], [SubRID], [MainMenuID]) VALUES (13, 5, N'CurrentMenu', 1, 1, 1, 1, 1, 2)
INSERT [dbo].[MTDSubMenuSave] ([SUBTID], [SubMenuID], [SubMenuName], [SubMRead], [SubMWrite], [SubMBoth], [SubUID], [SubRID], [MainMenuID]) VALUES (14, 6, N'CurrentMenu', 1, 1, 1, 1, 1, 2)
INSERT [dbo].[MTDSubMenuSave] ([SUBTID], [SubMenuID], [SubMenuName], [SubMRead], [SubMWrite], [SubMBoth], [SubUID], [SubRID], [MainMenuID]) VALUES (15, 7, N'CurrentMenu', 1, 1, 1, 1, 1, 2)
INSERT [dbo].[MTDSubMenuSave] ([SUBTID], [SubMenuID], [SubMenuName], [SubMRead], [SubMWrite], [SubMBoth], [SubUID], [SubRID], [MainMenuID]) VALUES (16, 8, N'CurrentMenu', 1, 1, 1, 1, 1, 2)
INSERT [dbo].[MTDSubMenuSave] ([SUBTID], [SubMenuID], [SubMenuName], [SubMRead], [SubMWrite], [SubMBoth], [SubUID], [SubRID], [MainMenuID]) VALUES (17, 1, N'CurrentMenu', 1, 1, 1, 1, 1, 1)
INSERT [dbo].[MTDSubMenuSave] ([SUBTID], [SubMenuID], [SubMenuName], [SubMRead], [SubMWrite], [SubMBoth], [SubUID], [SubRID], [MainMenuID]) VALUES (18, 2, N'CurrentMenu', 1, 1, 1, 1, 1, 1)
INSERT [dbo].[MTDSubMenuSave] ([SUBTID], [SubMenuID], [SubMenuName], [SubMRead], [SubMWrite], [SubMBoth], [SubUID], [SubRID], [MainMenuID]) VALUES (19, 3, N'CurrentMenu', 1, 1, 1, 1, 1, 1)
INSERT [dbo].[MTDSubMenuSave] ([SUBTID], [SubMenuID], [SubMenuName], [SubMRead], [SubMWrite], [SubMBoth], [SubUID], [SubRID], [MainMenuID]) VALUES (20, 4, N'CurrentMenu', 1, 1, 1, 1, 1, 1)
INSERT [dbo].[MTDSubMenuSave] ([SUBTID], [SubMenuID], [SubMenuName], [SubMRead], [SubMWrite], [SubMBoth], [SubUID], [SubRID], [MainMenuID]) VALUES (21, 5, N'CurrentMenu', 1, 1, 1, 1, 1, 2)
INSERT [dbo].[MTDSubMenuSave] ([SUBTID], [SubMenuID], [SubMenuName], [SubMRead], [SubMWrite], [SubMBoth], [SubUID], [SubRID], [MainMenuID]) VALUES (22, 6, N'CurrentMenu', 1, 1, 1, 1, 1, 2)
INSERT [dbo].[MTDSubMenuSave] ([SUBTID], [SubMenuID], [SubMenuName], [SubMRead], [SubMWrite], [SubMBoth], [SubUID], [SubRID], [MainMenuID]) VALUES (23, 7, N'CurrentMenu', 1, 1, 1, 1, 1, 2)
INSERT [dbo].[MTDSubMenuSave] ([SUBTID], [SubMenuID], [SubMenuName], [SubMRead], [SubMWrite], [SubMBoth], [SubUID], [SubRID], [MainMenuID]) VALUES (24, 8, N'CurrentMenu', 1, 1, 1, 1, 1, 2)
SET IDENTITY_INSERT [dbo].[MTDSubMenuSave] OFF
SET IDENTITY_INSERT [dbo].[MTDUsers] ON 

INSERT [dbo].[MTDUsers] ([UserID], [UserName], [UserDetails], [CreateDate], [Password], [RoleID]) VALUES (1, N'shiundu', N'shiundu jonathan', CAST(N'2016-11-22 22:39:31.350' AS DateTime), N'admin', 1)
INSERT [dbo].[MTDUsers] ([UserID], [UserName], [UserDetails], [CreateDate], [Password], [RoleID]) VALUES (2, N'boss', N'shiundu jonathan', CAST(N'2016-11-22 22:39:45.170' AS DateTime), N'admin', NULL)
INSERT [dbo].[MTDUsers] ([UserID], [UserName], [UserDetails], [CreateDate], [Password], [RoleID]) VALUES (3, N'Dubeez', N'shiundu jonathan', CAST(N'2016-11-22 22:40:24.940' AS DateTime), N'admin', NULL)
SET IDENTITY_INSERT [dbo].[MTDUsers] OFF
SET IDENTITY_INSERT [dbo].[Product] ON 

INSERT [dbo].[Product] ([ProductID], [Name], [Description], [SubCategoryID]) VALUES (7, N'sss', N'dscs', 5)
INSERT [dbo].[Product] ([ProductID], [Name], [Description], [SubCategoryID]) VALUES (8, N'cdsc', N'dcd', 1)
SET IDENTITY_INSERT [dbo].[Product] OFF
SET IDENTITY_INSERT [dbo].[SubCategory] ON 

INSERT [dbo].[SubCategory] ([SubCategoryID], [CategoryID], [Name]) VALUES (1, 1, N'Vegetables')
INSERT [dbo].[SubCategory] ([SubCategoryID], [CategoryID], [Name]) VALUES (2, 1, N'Fruits')
INSERT [dbo].[SubCategory] ([SubCategoryID], [CategoryID], [Name]) VALUES (3, 2, N'Computer')
INSERT [dbo].[SubCategory] ([SubCategoryID], [CategoryID], [Name]) VALUES (4, 2, N'Television')
INSERT [dbo].[SubCategory] ([SubCategoryID], [CategoryID], [Name]) VALUES (5, 3, N'Cold Drinks')
INSERT [dbo].[SubCategory] ([SubCategoryID], [CategoryID], [Name]) VALUES (6, 3, N'Beer')
INSERT [dbo].[SubCategory] ([SubCategoryID], [CategoryID], [Name]) VALUES (7, 1, N'sc')
SET IDENTITY_INSERT [dbo].[SubCategory] OFF
